symbol;name;currency;market;date;close
NESN.SW;Nestlé S.A.;CHF;Swiss;2025-07-28;72.30999755859375
NESN.SW;Nestlé S.A.;CHF;Swiss;2025-07-29;72.41999816894531
NESN.SW;Nestlé S.A.;CHF;Swiss;2025-07-30;71.44000244140625
NESN.SW;Nestlé S.A.;CHF;Swiss;2025-07-31;71.0999984741211
NESN.SW;Nestlé S.A.;CHF;Swiss;2025-08-04;71.30000305175781
NESN.SW;Nestlé S.A.;CHF;Swiss;2025-08-05;71.9800033569336
NESN.SW;Nestlé S.A.;CHF;Swiss;2025-08-06;71.36000061035156
NESN.SW;Nestlé S.A.;CHF;Swiss;2025-08-07;72.06999969482422
NESN.SW;Nestlé S.A.;CHF;Swiss;2025-08-08;72.0999984741211
NESN.SW;Nestlé S.A.;CHF;Swiss;2025-08-11;72.12000274658203
NESN.SW;Nestlé S.A.;CHF;Swiss;2025-08-12;71.69000244140625
NESN.SW;Nestlé S.A.;CHF;Swiss;2025-08-13;72.19000244140625
NESN.SW;Nestlé S.A.;CHF;Swiss;2025-08-14;72.06999969482422
NESN.SW;Nestlé S.A.;CHF;Swiss;2025-08-15;72.33999633789062
NESN.SW;Nestlé S.A.;CHF;Swiss;2025-08-18;72.20999908447266
NESN.SW;Nestlé S.A.;CHF;Swiss;2025-08-19;73.5199966430664
NESN.SW;Nestlé S.A.;CHF;Swiss;2025-08-20;76.13999938964844
NESN.SW;Nestlé S.A.;CHF;Swiss;2025-08-21;75.87000274658203
NESN.SW;Nestlé S.A.;CHF;Swiss;2025-08-22;75.36000061035156
NESN.SW;Nestlé S.A.;CHF;Swiss;2025-08-25;74.87999725341797
NESN.SW;Nestlé S.A.;CHF;Swiss;2025-08-26;74.47000122070312
NESN.SW;Nestlé S.A.;CHF;Swiss;2025-08-27;74.1500015258789
NESN.SW;Nestlé S.A.;CHF;Swiss;2025-08-28;74.9000015258789
NESN.SW;Nestlé S.A.;CHF;Swiss;2025-08-29;75.38999938964844
NESN.SW;Nestlé S.A.;CHF;Swiss;2025-09-01;75.48999786376953
NESN.SW;Nestlé S.A.;CHF;Swiss;2025-09-02;74.93000030517578
NESN.SW;Nestlé S.A.;CHF;Swiss;2025-09-03;74.70999908447266
NESN.SW;Nestlé S.A.;CHF;Swiss;2025-09-04;75.88999938964844
NESN.SW;Nestlé S.A.;CHF;Swiss;2025-09-05;75.41000366210938
NESN.SW;Nestlé S.A.;CHF;Swiss;2025-09-08;74.72000122070312
NOVN.SW;Novartis AG;CHF;Swiss;2025-07-28;93.33999633789062
NOVN.SW;Novartis AG;CHF;Swiss;2025-07-29;94.72000122070312
NOVN.SW;Novartis AG;CHF;Swiss;2025-07-30;95.0199966430664
NOVN.SW;Novartis AG;CHF;Swiss;2025-07-31;94.19000244140625
NOVN.SW;Novartis AG;CHF;Swiss;2025-08-04;94.58000183105469
NOVN.SW;Novartis AG;CHF;Swiss;2025-08-05;95.47000122070312
NOVN.SW;Novartis AG;CHF;Swiss;2025-08-06;92.37000274658203
NOVN.SW;Novartis AG;CHF;Swiss;2025-08-07;93.05000305175781
NOVN.SW;Novartis AG;CHF;Swiss;2025-08-08;94.05999755859375
NOVN.SW;Novartis AG;CHF;Swiss;2025-08-11;96.0199966430664
NOVN.SW;Novartis AG;CHF;Swiss;2025-08-12;96.2300033569336
NOVN.SW;Novartis AG;CHF;Swiss;2025-08-13;97.5199966430664
NOVN.SW;Novartis AG;CHF;Swiss;2025-08-14;98.56999969482422
NOVN.SW;Novartis AG;CHF;Swiss;2025-08-15;99.48999786376953
NOVN.SW;Novartis AG;CHF;Swiss;2025-08-18;100.22000122070312
NOVN.SW;Novartis AG;CHF;Swiss;2025-08-19;100.9000015258789
NOVN.SW;Novartis AG;CHF;Swiss;2025-08-20;102.36000061035156
NOVN.SW;Novartis AG;CHF;Swiss;2025-08-21;102.86000061035156
NOVN.SW;Novartis AG;CHF;Swiss;2025-08-22;101.95999908447266
NOVN.SW;Novartis AG;CHF;Swiss;2025-08-25;101.23999786376953
NOVN.SW;Novartis AG;CHF;Swiss;2025-08-26;101.27999877929688
NOVN.SW;Novartis AG;CHF;Swiss;2025-08-27;101.9800033569336
NOVN.SW;Novartis AG;CHF;Swiss;2025-08-28;101.54000091552734
NOVN.SW;Novartis AG;CHF;Swiss;2025-08-29;101.16000366210938
NOVN.SW;Novartis AG;CHF;Swiss;2025-09-01;101.54000091552734
NOVN.SW;Novartis AG;CHF;Swiss;2025-09-02;101.19999694824219
NOVN.SW;Novartis AG;CHF;Swiss;2025-09-03;103.08000183105469
NOVN.SW;Novartis AG;CHF;Swiss;2025-09-04;103.91999816894531
NOVN.SW;Novartis AG;CHF;Swiss;2025-09-05;103.9800033569336
NOVN.SW;Novartis AG;CHF;Swiss;2025-09-08;102.31999969482422
ROG.SW;Roche Holding AG;CHF;Swiss;2025-07-28;260.6000061035156
ROG.SW;Roche Holding AG;CHF;Swiss;2025-07-29;259.5
ROG.SW;Roche Holding AG;CHF;Swiss;2025-07-30;259.6000061035156
ROG.SW;Roche Holding AG;CHF;Swiss;2025-07-31;257.1000061035156
ROG.SW;Roche Holding AG;CHF;Swiss;2025-08-04;255.0
ROG.SW;Roche Holding AG;CHF;Swiss;2025-08-05;255.39999389648438
ROG.SW;Roche Holding AG;CHF;Swiss;2025-08-06;248.60000610351562
ROG.SW;Roche Holding AG;CHF;Swiss;2025-08-07;249.10000610351562
ROG.SW;Roche Holding AG;CHF;Swiss;2025-08-08;246.39999389648438
ROG.SW;Roche Holding AG;CHF;Swiss;2025-08-11;246.3000030517578
ROG.SW;Roche Holding AG;CHF;Swiss;2025-08-12;246.39999389648438
ROG.SW;Roche Holding AG;CHF;Swiss;2025-08-13;249.6999969482422
ROG.SW;Roche Holding AG;CHF;Swiss;2025-08-14;250.10000610351562
ROG.SW;Roche Holding AG;CHF;Swiss;2025-08-15;256.0
ROG.SW;Roche Holding AG;CHF;Swiss;2025-08-18;256.0
ROG.SW;Roche Holding AG;CHF;Swiss;2025-08-19;260.20001220703125
ROG.SW;Roche Holding AG;CHF;Swiss;2025-08-20;262.3999938964844
ROG.SW;Roche Holding AG;CHF;Swiss;2025-08-21;262.5
ROG.SW;Roche Holding AG;CHF;Swiss;2025-08-22;261.5
ROG.SW;Roche Holding AG;CHF;Swiss;2025-08-25;259.8999938964844
ROG.SW;Roche Holding AG;CHF;Swiss;2025-08-26;259.20001220703125
ROG.SW;Roche Holding AG;CHF;Swiss;2025-08-27;262.6000061035156
ROG.SW;Roche Holding AG;CHF;Swiss;2025-08-28;261.0
ROG.SW;Roche Holding AG;CHF;Swiss;2025-08-29;260.29998779296875
ROG.SW;Roche Holding AG;CHF;Swiss;2025-09-01;260.20001220703125
ROG.SW;Roche Holding AG;CHF;Swiss;2025-09-02;262.0
ROG.SW;Roche Holding AG;CHF;Swiss;2025-09-03;269.5
ROG.SW;Roche Holding AG;CHF;Swiss;2025-09-04;275.70001220703125
ROG.SW;Roche Holding AG;CHF;Swiss;2025-09-05;274.20001220703125
ROG.SW;Roche Holding AG;CHF;Swiss;2025-09-08;270.1000061035156
UBSG.SW;UBS Group AG;CHF;Swiss;2025-07-28;30.360000610351562
UBSG.SW;UBS Group AG;CHF;Swiss;2025-07-29;30.6200008392334
UBSG.SW;UBS Group AG;CHF;Swiss;2025-07-30;30.959999084472656
UBSG.SW;UBS Group AG;CHF;Swiss;2025-07-31;30.440000534057617
UBSG.SW;UBS Group AG;CHF;Swiss;2025-08-04;30.219999313354492
UBSG.SW;UBS Group AG;CHF;Swiss;2025-08-05;30.170000076293945
UBSG.SW;UBS Group AG;CHF;Swiss;2025-08-06;30.690000534057617
UBSG.SW;UBS Group AG;CHF;Swiss;2025-08-07;31.479999542236328
UBSG.SW;UBS Group AG;CHF;Swiss;2025-08-08;31.940000534057617
UBSG.SW;UBS Group AG;CHF;Swiss;2025-08-11;31.90999984741211
UBSG.SW;UBS Group AG;CHF;Swiss;2025-08-12;31.860000610351562
UBSG.SW;UBS Group AG;CHF;Swiss;2025-08-13;31.860000610351562
UBSG.SW;UBS Group AG;CHF;Swiss;2025-08-14;32.08000183105469
UBSG.SW;UBS Group AG;CHF;Swiss;2025-08-15;32.2400016784668
UBSG.SW;UBS Group AG;CHF;Swiss;2025-08-18;32.099998474121094
UBSG.SW;UBS Group AG;CHF;Swiss;2025-08-19;32.130001068115234
UBSG.SW;UBS Group AG;CHF;Swiss;2025-08-20;31.90999984741211
UBSG.SW;UBS Group AG;CHF;Swiss;2025-08-21;31.8799991607666
UBSG.SW;UBS Group AG;CHF;Swiss;2025-08-22;32.31999969482422
UBSG.SW;UBS Group AG;CHF;Swiss;2025-08-25;32.380001068115234
UBSG.SW;UBS Group AG;CHF;Swiss;2025-08-26;32.279998779296875
UBSG.SW;UBS Group AG;CHF;Swiss;2025-08-27;32.34000015258789
UBSG.SW;UBS Group AG;CHF;Swiss;2025-08-28;32.58000183105469
UBSG.SW;UBS Group AG;CHF;Swiss;2025-08-29;32.380001068115234
UBSG.SW;UBS Group AG;CHF;Swiss;2025-09-01;32.33000183105469
UBSG.SW;UBS Group AG;CHF;Swiss;2025-09-02;31.639999389648438
UBSG.SW;UBS Group AG;CHF;Swiss;2025-09-03;31.81999969482422
UBSG.SW;UBS Group AG;CHF;Swiss;2025-09-04;32.439998626708984
UBSG.SW;UBS Group AG;CHF;Swiss;2025-09-05;32.099998474121094
UBSG.SW;UBS Group AG;CHF;Swiss;2025-09-08;32.2599983215332
ZURN.SW;Zurich Insurance Group AG;CHF;Swiss;2025-07-28;552.7999877929688
ZURN.SW;Zurich Insurance Group AG;CHF;Swiss;2025-07-29;556.5999755859375
ZURN.SW;Zurich Insurance Group AG;CHF;Swiss;2025-07-30;554.2000122070312
ZURN.SW;Zurich Insurance Group AG;CHF;Swiss;2025-07-31;556.5999755859375
ZURN.SW;Zurich Insurance Group AG;CHF;Swiss;2025-08-04;563.5999755859375
ZURN.SW;Zurich Insurance Group AG;CHF;Swiss;2025-08-05;568.0
ZURN.SW;Zurich Insurance Group AG;CHF;Swiss;2025-08-06;578.4000244140625
ZURN.SW;Zurich Insurance Group AG;CHF;Swiss;2025-08-07;577.7999877929688
ZURN.SW;Zurich Insurance Group AG;CHF;Swiss;2025-08-08;574.0
ZURN.SW;Zurich Insurance Group AG;CHF;Swiss;2025-08-11;571.2000122070312
ZURN.SW;Zurich Insurance Group AG;CHF;Swiss;2025-08-12;573.5999755859375
ZURN.SW;Zurich Insurance Group AG;CHF;Swiss;2025-08-13;581.7999877929688
ZURN.SW;Zurich Insurance Group AG;CHF;Swiss;2025-08-14;590.0
ZURN.SW;Zurich Insurance Group AG;CHF;Swiss;2025-08-15;591.0
ZURN.SW;Zurich Insurance Group AG;CHF;Swiss;2025-08-18;588.0
ZURN.SW;Zurich Insurance Group AG;CHF;Swiss;2025-08-19;588.5999755859375
ZURN.SW;Zurich Insurance Group AG;CHF;Swiss;2025-08-20;596.4000244140625
ZURN.SW;Zurich Insurance Group AG;CHF;Swiss;2025-08-21;596.2000122070312
ZURN.SW;Zurich Insurance Group AG;CHF;Swiss;2025-08-22;593.0
ZURN.SW;Zurich Insurance Group AG;CHF;Swiss;2025-08-25;590.0
ZURN.SW;Zurich Insurance Group AG;CHF;Swiss;2025-08-26;579.7999877929688
ZURN.SW;Zurich Insurance Group AG;CHF;Swiss;2025-08-27;580.7999877929688
ZURN.SW;Zurich Insurance Group AG;CHF;Swiss;2025-08-28;579.5999755859375
ZURN.SW;Zurich Insurance Group AG;CHF;Swiss;2025-08-29;584.4000244140625
ZURN.SW;Zurich Insurance Group AG;CHF;Swiss;2025-09-01;577.7999877929688
ZURN.SW;Zurich Insurance Group AG;CHF;Swiss;2025-09-02;573.5999755859375
ZURN.SW;Zurich Insurance Group AG;CHF;Swiss;2025-09-03;569.5999755859375
ZURN.SW;Zurich Insurance Group AG;CHF;Swiss;2025-09-04;579.2000122070312
ZURN.SW;Zurich Insurance Group AG;CHF;Swiss;2025-09-05;575.4000244140625
ZURN.SW;Zurich Insurance Group AG;CHF;Swiss;2025-09-08;573.2000122070312
ABBN.SW;ABB Ltd;CHF;Swiss;2025-07-28;52.900001525878906
ABBN.SW;ABB Ltd;CHF;Swiss;2025-07-29;53.0
ABBN.SW;ABB Ltd;CHF;Swiss;2025-07-30;53.47999954223633
ABBN.SW;ABB Ltd;CHF;Swiss;2025-07-31;53.52000045776367
ABBN.SW;ABB Ltd;CHF;Swiss;2025-08-04;53.099998474121094
ABBN.SW;ABB Ltd;CHF;Swiss;2025-08-05;53.02000045776367
ABBN.SW;ABB Ltd;CHF;Swiss;2025-08-06;52.47999954223633
ABBN.SW;ABB Ltd;CHF;Swiss;2025-08-07;53.279998779296875
ABBN.SW;ABB Ltd;CHF;Swiss;2025-08-08;53.779998779296875
ABBN.SW;ABB Ltd;CHF;Swiss;2025-08-11;53.2599983215332
ABBN.SW;ABB Ltd;CHF;Swiss;2025-08-12;54.119998931884766
ABBN.SW;ABB Ltd;CHF;Swiss;2025-08-13;53.86000061035156
ABBN.SW;ABB Ltd;CHF;Swiss;2025-08-14;54.099998474121094
ABBN.SW;ABB Ltd;CHF;Swiss;2025-08-15;53.86000061035156
ABBN.SW;ABB Ltd;CHF;Swiss;2025-08-18;53.7400016784668
ABBN.SW;ABB Ltd;CHF;Swiss;2025-08-19;54.279998779296875
ABBN.SW;ABB Ltd;CHF;Swiss;2025-08-20;53.599998474121094
ABBN.SW;ABB Ltd;CHF;Swiss;2025-08-21;53.41999816894531
ABBN.SW;ABB Ltd;CHF;Swiss;2025-08-22;54.18000030517578
ABBN.SW;ABB Ltd;CHF;Swiss;2025-08-25;53.880001068115234
ABBN.SW;ABB Ltd;CHF;Swiss;2025-08-26;54.08000183105469
ABBN.SW;ABB Ltd;CHF;Swiss;2025-08-27;53.79999923706055
ABBN.SW;ABB Ltd;CHF;Swiss;2025-08-28;54.380001068115234
ABBN.SW;ABB Ltd;CHF;Swiss;2025-08-29;53.68000030517578
ABBN.SW;ABB Ltd;CHF;Swiss;2025-09-01;53.7400016784668
ABBN.SW;ABB Ltd;CHF;Swiss;2025-09-02;52.7599983215332
ABBN.SW;ABB Ltd;CHF;Swiss;2025-09-03;53.540000915527344
ABBN.SW;ABB Ltd;CHF;Swiss;2025-09-04;55.060001373291016
ABBN.SW;ABB Ltd;CHF;Swiss;2025-09-05;55.08000183105469
ABBN.SW;ABB Ltd;CHF;Swiss;2025-09-08;55.939998626708984
SIKA.SW;Sika AG;CHF;Swiss;2025-07-28;206.5
SIKA.SW;Sika AG;CHF;Swiss;2025-07-29;198.9499969482422
SIKA.SW;Sika AG;CHF;Swiss;2025-07-30;197.0
SIKA.SW;Sika AG;CHF;Swiss;2025-07-31;192.60000610351562
SIKA.SW;Sika AG;CHF;Swiss;2025-08-04;190.0
SIKA.SW;Sika AG;CHF;Swiss;2025-08-05;189.5
SIKA.SW;Sika AG;CHF;Swiss;2025-08-06;189.6999969482422
SIKA.SW;Sika AG;CHF;Swiss;2025-08-07;192.10000610351562
SIKA.SW;Sika AG;CHF;Swiss;2025-08-08;193.0
SIKA.SW;Sika AG;CHF;Swiss;2025-08-11;190.10000610351562
SIKA.SW;Sika AG;CHF;Swiss;2025-08-12;190.3000030517578
SIKA.SW;Sika AG;CHF;Swiss;2025-08-13;189.5
SIKA.SW;Sika AG;CHF;Swiss;2025-08-14;189.10000610351562
SIKA.SW;Sika AG;CHF;Swiss;2025-08-15;189.10000610351562
SIKA.SW;Sika AG;CHF;Swiss;2025-08-18;188.10000610351562
SIKA.SW;Sika AG;CHF;Swiss;2025-08-19;192.10000610351562
SIKA.SW;Sika AG;CHF;Swiss;2025-08-20;190.8000030517578
SIKA.SW;Sika AG;CHF;Swiss;2025-08-21;188.64999389648438
SIKA.SW;Sika AG;CHF;Swiss;2025-08-22;190.4499969482422
SIKA.SW;Sika AG;CHF;Swiss;2025-08-25;189.6999969482422
SIKA.SW;Sika AG;CHF;Swiss;2025-08-26;187.85000610351562
SIKA.SW;Sika AG;CHF;Swiss;2025-08-27;186.75
SIKA.SW;Sika AG;CHF;Swiss;2025-08-28;187.5
SIKA.SW;Sika AG;CHF;Swiss;2025-08-29;185.5
SIKA.SW;Sika AG;CHF;Swiss;2025-09-01;185.25
SIKA.SW;Sika AG;CHF;Swiss;2025-09-02;180.89999389648438
SIKA.SW;Sika AG;CHF;Swiss;2025-09-03;182.39999389648438
SIKA.SW;Sika AG;CHF;Swiss;2025-09-04;184.14999389648438
SIKA.SW;Sika AG;CHF;Swiss;2025-09-05;185.39999389648438
SIKA.SW;Sika AG;CHF;Swiss;2025-09-08;187.1999969482422
LOGN.SW;Logitech International S.A.;CHF;Swiss;2025-07-28;76.5999984741211
LOGN.SW;Logitech International S.A.;CHF;Swiss;2025-07-29;75.66000366210938
LOGN.SW;Logitech International S.A.;CHF;Swiss;2025-07-30;74.87999725341797
LOGN.SW;Logitech International S.A.;CHF;Swiss;2025-07-31;76.13999938964844
LOGN.SW;Logitech International S.A.;CHF;Swiss;2025-08-04;74.66000366210938
LOGN.SW;Logitech International S.A.;CHF;Swiss;2025-08-05;76.94000244140625
LOGN.SW;Logitech International S.A.;CHF;Swiss;2025-08-06;76.4800033569336
LOGN.SW;Logitech International S.A.;CHF;Swiss;2025-08-07;77.9000015258789
LOGN.SW;Logitech International S.A.;CHF;Swiss;2025-08-08;79.5999984741211
LOGN.SW;Logitech International S.A.;CHF;Swiss;2025-08-11;78.77999877929688
LOGN.SW;Logitech International S.A.;CHF;Swiss;2025-08-12;79.86000061035156
LOGN.SW;Logitech International S.A.;CHF;Swiss;2025-08-13;79.55999755859375
LOGN.SW;Logitech International S.A.;CHF;Swiss;2025-08-14;79.62000274658203
LOGN.SW;Logitech International S.A.;CHF;Swiss;2025-08-15;79.22000122070312
LOGN.SW;Logitech International S.A.;CHF;Swiss;2025-08-18;79.37999725341797
LOGN.SW;Logitech International S.A.;CHF;Swiss;2025-08-19;80.80000305175781
LOGN.SW;Logitech International S.A.;CHF;Swiss;2025-08-20;80.0
LOGN.SW;Logitech International S.A.;CHF;Swiss;2025-08-21;80.5199966430664
LOGN.SW;Logitech International S.A.;CHF;Swiss;2025-08-22;82.5999984741211
LOGN.SW;Logitech International S.A.;CHF;Swiss;2025-08-25;82.12000274658203
LOGN.SW;Logitech International S.A.;CHF;Swiss;2025-08-26;82.33999633789062
LOGN.SW;Logitech International S.A.;CHF;Swiss;2025-08-27;82.55999755859375
LOGN.SW;Logitech International S.A.;CHF;Swiss;2025-08-28;83.55999755859375
LOGN.SW;Logitech International S.A.;CHF;Swiss;2025-08-29;82.62000274658203
LOGN.SW;Logitech International S.A.;CHF;Swiss;2025-09-01;83.0
LOGN.SW;Logitech International S.A.;CHF;Swiss;2025-09-02;82.12000274658203
LOGN.SW;Logitech International S.A.;CHF;Swiss;2025-09-03;83.5
LOGN.SW;Logitech International S.A.;CHF;Swiss;2025-09-04;85.4000015258789
LOGN.SW;Logitech International S.A.;CHF;Swiss;2025-09-05;85.26000213623047
LOGN.SW;Logitech International S.A.;CHF;Swiss;2025-09-08;85.91999816894531
CFR.SW;Compagnie Financière Richemont SA;CHF;Swiss;2025-07-28;137.6999969482422
CFR.SW;Compagnie Financière Richemont SA;CHF;Swiss;2025-07-29;137.6999969482422
CFR.SW;Compagnie Financière Richemont SA;CHF;Swiss;2025-07-30;137.0
CFR.SW;Compagnie Financière Richemont SA;CHF;Swiss;2025-07-31;133.39999389648438
CFR.SW;Compagnie Financière Richemont SA;CHF;Swiss;2025-08-04;131.6999969482422
CFR.SW;Compagnie Financière Richemont SA;CHF;Swiss;2025-08-05;131.64999389648438
CFR.SW;Compagnie Financière Richemont SA;CHF;Swiss;2025-08-06;130.39999389648438
CFR.SW;Compagnie Financière Richemont SA;CHF;Swiss;2025-08-07;131.25
CFR.SW;Compagnie Financière Richemont SA;CHF;Swiss;2025-08-08;131.89999389648438
CFR.SW;Compagnie Financière Richemont SA;CHF;Swiss;2025-08-11;130.10000610351562
CFR.SW;Compagnie Financière Richemont SA;CHF;Swiss;2025-08-12;130.14999389648438
CFR.SW;Compagnie Financière Richemont SA;CHF;Swiss;2025-08-13;131.8000030517578
CFR.SW;Compagnie Financière Richemont SA;CHF;Swiss;2025-08-14;132.39999389648438
CFR.SW;Compagnie Financière Richemont SA;CHF;Swiss;2025-08-15;131.8000030517578
CFR.SW;Compagnie Financière Richemont SA;CHF;Swiss;2025-08-18;131.8000030517578
CFR.SW;Compagnie Financière Richemont SA;CHF;Swiss;2025-08-19;135.75
CFR.SW;Compagnie Financière Richemont SA;CHF;Swiss;2025-08-20;134.8000030517578
CFR.SW;Compagnie Financière Richemont SA;CHF;Swiss;2025-08-21;133.85000610351562
CFR.SW;Compagnie Financière Richemont SA;CHF;Swiss;2025-08-22;136.14999389648438
CFR.SW;Compagnie Financière Richemont SA;CHF;Swiss;2025-08-25;135.14999389648438
CFR.SW;Compagnie Financière Richemont SA;CHF;Swiss;2025-08-26;134.3000030517578
CFR.SW;Compagnie Financière Richemont SA;CHF;Swiss;2025-08-27;138.9499969482422
CFR.SW;Compagnie Financière Richemont SA;CHF;Swiss;2025-08-28;141.25
CFR.SW;Compagnie Financière Richemont SA;CHF;Swiss;2025-08-29;139.75
CFR.SW;Compagnie Financière Richemont SA;CHF;Swiss;2025-09-01;138.85000610351562
CFR.SW;Compagnie Financière Richemont SA;CHF;Swiss;2025-09-02;139.0
CFR.SW;Compagnie Financière Richemont SA;CHF;Swiss;2025-09-03;141.3000030517578
CFR.SW;Compagnie Financière Richemont SA;CHF;Swiss;2025-09-04;141.4499969482422
CFR.SW;Compagnie Financière Richemont SA;CHF;Swiss;2025-09-05;144.5500030517578
CFR.SW;Compagnie Financière Richemont SA;CHF;Swiss;2025-09-08;143.9499969482422
SREN.SW;Swiss Re AG;CHF;Swiss;2025-07-28;146.1999969482422
SREN.SW;Swiss Re AG;CHF;Swiss;2025-07-29;147.4499969482422
SREN.SW;Swiss Re AG;CHF;Swiss;2025-07-30;145.6999969482422
SREN.SW;Swiss Re AG;CHF;Swiss;2025-07-31;146.25
SREN.SW;Swiss Re AG;CHF;Swiss;2025-08-04;148.10000610351562
SREN.SW;Swiss Re AG;CHF;Swiss;2025-08-05;149.64999389648438
SREN.SW;Swiss Re AG;CHF;Swiss;2025-08-06;153.25
SREN.SW;Swiss Re AG;CHF;Swiss;2025-08-07;154.64999389648438
SREN.SW;Swiss Re AG;CHF;Swiss;2025-08-08;149.6999969482422
SREN.SW;Swiss Re AG;CHF;Swiss;2025-08-11;150.8000030517578
SREN.SW;Swiss Re AG;CHF;Swiss;2025-08-12;149.0500030517578
SREN.SW;Swiss Re AG;CHF;Swiss;2025-08-13;150.64999389648438
SREN.SW;Swiss Re AG;CHF;Swiss;2025-08-14;145.4499969482422
SREN.SW;Swiss Re AG;CHF;Swiss;2025-08-15;146.1999969482422
SREN.SW;Swiss Re AG;CHF;Swiss;2025-08-18;145.75
SREN.SW;Swiss Re AG;CHF;Swiss;2025-08-19;147.0500030517578
SREN.SW;Swiss Re AG;CHF;Swiss;2025-08-20;149.0
SREN.SW;Swiss Re AG;CHF;Swiss;2025-08-21;148.0
SREN.SW;Swiss Re AG;CHF;Swiss;2025-08-22;147.0500030517578
SREN.SW;Swiss Re AG;CHF;Swiss;2025-08-25;146.14999389648438
SREN.SW;Swiss Re AG;CHF;Swiss;2025-08-26;144.89999389648438
SREN.SW;Swiss Re AG;CHF;Swiss;2025-08-27;145.0
SREN.SW;Swiss Re AG;CHF;Swiss;2025-08-28;144.85000610351562
SREN.SW;Swiss Re AG;CHF;Swiss;2025-08-29;144.89999389648438
SREN.SW;Swiss Re AG;CHF;Swiss;2025-09-01;142.39999389648438
SREN.SW;Swiss Re AG;CHF;Swiss;2025-09-02;141.39999389648438
SREN.SW;Swiss Re AG;CHF;Swiss;2025-09-03;140.4499969482422
SREN.SW;Swiss Re AG;CHF;Swiss;2025-09-04;142.64999389648438
SREN.SW;Swiss Re AG;CHF;Swiss;2025-09-05;140.9499969482422
SREN.SW;Swiss Re AG;CHF;Swiss;2025-09-08;141.35000610351562
AAPL;Apple Inc.;USD;NasdaqGS;2025-07-28;214.0500030517578
AAPL;Apple Inc.;USD;NasdaqGS;2025-07-29;211.27000427246094
AAPL;Apple Inc.;USD;NasdaqGS;2025-07-30;209.0500030517578
AAPL;Apple Inc.;USD;NasdaqGS;2025-07-31;207.57000732421875
AAPL;Apple Inc.;USD;NasdaqGS;2025-08-01;202.3800048828125
AAPL;Apple Inc.;USD;NasdaqGS;2025-08-04;203.35000610351562
AAPL;Apple Inc.;USD;NasdaqGS;2025-08-05;202.9199981689453
AAPL;Apple Inc.;USD;NasdaqGS;2025-08-06;213.25
AAPL;Apple Inc.;USD;NasdaqGS;2025-08-07;220.02999877929688
AAPL;Apple Inc.;USD;NasdaqGS;2025-08-08;229.35000610351562
AAPL;Apple Inc.;USD;NasdaqGS;2025-08-11;227.17999267578125
AAPL;Apple Inc.;USD;NasdaqGS;2025-08-12;229.64999389648438
AAPL;Apple Inc.;USD;NasdaqGS;2025-08-13;233.3300018310547
AAPL;Apple Inc.;USD;NasdaqGS;2025-08-14;232.77999877929688
AAPL;Apple Inc.;USD;NasdaqGS;2025-08-15;231.58999633789062
AAPL;Apple Inc.;USD;NasdaqGS;2025-08-18;230.88999938964844
AAPL;Apple Inc.;USD;NasdaqGS;2025-08-19;230.55999755859375
AAPL;Apple Inc.;USD;NasdaqGS;2025-08-20;226.00999450683594
AAPL;Apple Inc.;USD;NasdaqGS;2025-08-21;224.89999389648438
AAPL;Apple Inc.;USD;NasdaqGS;2025-08-22;227.75999450683594
AAPL;Apple Inc.;USD;NasdaqGS;2025-08-25;227.16000366210938
AAPL;Apple Inc.;USD;NasdaqGS;2025-08-26;229.30999755859375
AAPL;Apple Inc.;USD;NasdaqGS;2025-08-27;230.49000549316406
AAPL;Apple Inc.;USD;NasdaqGS;2025-08-28;232.55999755859375
AAPL;Apple Inc.;USD;NasdaqGS;2025-08-29;232.13999938964844
AAPL;Apple Inc.;USD;NasdaqGS;2025-09-02;229.72000122070312
AAPL;Apple Inc.;USD;NasdaqGS;2025-09-03;238.47000122070312
AAPL;Apple Inc.;USD;NasdaqGS;2025-09-04;239.77999877929688
AAPL;Apple Inc.;USD;NasdaqGS;2025-09-05;239.69000244140625
AAPL;Apple Inc.;USD;NasdaqGS;2025-09-08;237.0050048828125
AMZN;Amazon.com, Inc.;USD;NasdaqGS;2025-07-28;232.7899932861328
AMZN;Amazon.com, Inc.;USD;NasdaqGS;2025-07-29;231.00999450683594
AMZN;Amazon.com, Inc.;USD;NasdaqGS;2025-07-30;230.19000244140625
AMZN;Amazon.com, Inc.;USD;NasdaqGS;2025-07-31;234.11000061035156
AMZN;Amazon.com, Inc.;USD;NasdaqGS;2025-08-01;214.75
AMZN;Amazon.com, Inc.;USD;NasdaqGS;2025-08-04;211.64999389648438
AMZN;Amazon.com, Inc.;USD;NasdaqGS;2025-08-05;213.75
AMZN;Amazon.com, Inc.;USD;NasdaqGS;2025-08-06;222.30999755859375
AMZN;Amazon.com, Inc.;USD;NasdaqGS;2025-08-07;223.1300048828125
AMZN;Amazon.com, Inc.;USD;NasdaqGS;2025-08-08;222.69000244140625
AMZN;Amazon.com, Inc.;USD;NasdaqGS;2025-08-11;221.3000030517578
AMZN;Amazon.com, Inc.;USD;NasdaqGS;2025-08-12;221.47000122070312
AMZN;Amazon.com, Inc.;USD;NasdaqGS;2025-08-13;224.55999755859375
AMZN;Amazon.com, Inc.;USD;NasdaqGS;2025-08-14;230.97999572753906
AMZN;Amazon.com, Inc.;USD;NasdaqGS;2025-08-15;231.02999877929688
AMZN;Amazon.com, Inc.;USD;NasdaqGS;2025-08-18;231.49000549316406
AMZN;Amazon.com, Inc.;USD;NasdaqGS;2025-08-19;228.00999450683594
AMZN;Amazon.com, Inc.;USD;NasdaqGS;2025-08-20;223.80999755859375
AMZN;Amazon.com, Inc.;USD;NasdaqGS;2025-08-21;221.9499969482422
AMZN;Amazon.com, Inc.;USD;NasdaqGS;2025-08-22;228.83999633789062
AMZN;Amazon.com, Inc.;USD;NasdaqGS;2025-08-25;227.94000244140625
AMZN;Amazon.com, Inc.;USD;NasdaqGS;2025-08-26;228.7100067138672
AMZN;Amazon.com, Inc.;USD;NasdaqGS;2025-08-27;229.1199951171875
AMZN;Amazon.com, Inc.;USD;NasdaqGS;2025-08-28;231.60000610351562
AMZN;Amazon.com, Inc.;USD;NasdaqGS;2025-08-29;229.0
AMZN;Amazon.com, Inc.;USD;NasdaqGS;2025-09-02;225.33999633789062
AMZN;Amazon.com, Inc.;USD;NasdaqGS;2025-09-03;225.99000549316406
AMZN;Amazon.com, Inc.;USD;NasdaqGS;2025-09-04;235.67999267578125
AMZN;Amazon.com, Inc.;USD;NasdaqGS;2025-09-05;232.3300018310547
AMZN;Amazon.com, Inc.;USD;NasdaqGS;2025-09-08;236.02999877929688
MSFT;Microsoft Corporation;USD;NasdaqGS;2025-07-28;512.5
MSFT;Microsoft Corporation;USD;NasdaqGS;2025-07-29;512.5700073242188
MSFT;Microsoft Corporation;USD;NasdaqGS;2025-07-30;513.239990234375
MSFT;Microsoft Corporation;USD;NasdaqGS;2025-07-31;533.5
MSFT;Microsoft Corporation;USD;NasdaqGS;2025-08-01;524.1099853515625
MSFT;Microsoft Corporation;USD;NasdaqGS;2025-08-04;535.6400146484375
MSFT;Microsoft Corporation;USD;NasdaqGS;2025-08-05;527.75
MSFT;Microsoft Corporation;USD;NasdaqGS;2025-08-06;524.9400024414062
MSFT;Microsoft Corporation;USD;NasdaqGS;2025-08-07;520.8400268554688
MSFT;Microsoft Corporation;USD;NasdaqGS;2025-08-08;522.0399780273438
MSFT;Microsoft Corporation;USD;NasdaqGS;2025-08-11;521.77001953125
MSFT;Microsoft Corporation;USD;NasdaqGS;2025-08-12;529.239990234375
MSFT;Microsoft Corporation;USD;NasdaqGS;2025-08-13;520.5800170898438
MSFT;Microsoft Corporation;USD;NasdaqGS;2025-08-14;522.47998046875
MSFT;Microsoft Corporation;USD;NasdaqGS;2025-08-15;520.1699829101562
MSFT;Microsoft Corporation;USD;NasdaqGS;2025-08-18;517.0999755859375
MSFT;Microsoft Corporation;USD;NasdaqGS;2025-08-19;509.7699890136719
MSFT;Microsoft Corporation;USD;NasdaqGS;2025-08-20;505.7200012207031
MSFT;Microsoft Corporation;USD;NasdaqGS;2025-08-21;504.239990234375
MSFT;Microsoft Corporation;USD;NasdaqGS;2025-08-22;507.2300109863281
MSFT;Microsoft Corporation;USD;NasdaqGS;2025-08-25;504.260009765625
MSFT;Microsoft Corporation;USD;NasdaqGS;2025-08-26;502.0400085449219
MSFT;Microsoft Corporation;USD;NasdaqGS;2025-08-27;506.739990234375
MSFT;Microsoft Corporation;USD;NasdaqGS;2025-08-28;509.6400146484375
MSFT;Microsoft Corporation;USD;NasdaqGS;2025-08-29;506.69000244140625
MSFT;Microsoft Corporation;USD;NasdaqGS;2025-09-02;505.1199951171875
MSFT;Microsoft Corporation;USD;NasdaqGS;2025-09-03;505.3500061035156
MSFT;Microsoft Corporation;USD;NasdaqGS;2025-09-04;507.9700012207031
MSFT;Microsoft Corporation;USD;NasdaqGS;2025-09-05;495.0
MSFT;Microsoft Corporation;USD;NasdaqGS;2025-09-08;497.4599914550781
GOOGL;Alphabet Inc.;USD;NasdaqGS;2025-07-28;192.5800018310547
GOOGL;Alphabet Inc.;USD;NasdaqGS;2025-07-29;195.75
GOOGL;Alphabet Inc.;USD;NasdaqGS;2025-07-30;196.52999877929688
GOOGL;Alphabet Inc.;USD;NasdaqGS;2025-07-31;191.89999389648438
GOOGL;Alphabet Inc.;USD;NasdaqGS;2025-08-01;189.1300048828125
GOOGL;Alphabet Inc.;USD;NasdaqGS;2025-08-04;195.0399932861328
GOOGL;Alphabet Inc.;USD;NasdaqGS;2025-08-05;194.6699981689453
GOOGL;Alphabet Inc.;USD;NasdaqGS;2025-08-06;196.08999633789062
GOOGL;Alphabet Inc.;USD;NasdaqGS;2025-08-07;196.52000427246094
GOOGL;Alphabet Inc.;USD;NasdaqGS;2025-08-08;201.4199981689453
GOOGL;Alphabet Inc.;USD;NasdaqGS;2025-08-11;201.0
GOOGL;Alphabet Inc.;USD;NasdaqGS;2025-08-12;203.33999633789062
GOOGL;Alphabet Inc.;USD;NasdaqGS;2025-08-13;201.9600067138672
GOOGL;Alphabet Inc.;USD;NasdaqGS;2025-08-14;202.94000244140625
GOOGL;Alphabet Inc.;USD;NasdaqGS;2025-08-15;203.89999389648438
GOOGL;Alphabet Inc.;USD;NasdaqGS;2025-08-18;203.5
GOOGL;Alphabet Inc.;USD;NasdaqGS;2025-08-19;201.57000732421875
GOOGL;Alphabet Inc.;USD;NasdaqGS;2025-08-20;199.32000732421875
GOOGL;Alphabet Inc.;USD;NasdaqGS;2025-08-21;199.75
GOOGL;Alphabet Inc.;USD;NasdaqGS;2025-08-22;206.08999633789062
GOOGL;Alphabet Inc.;USD;NasdaqGS;2025-08-25;208.49000549316406
GOOGL;Alphabet Inc.;USD;NasdaqGS;2025-08-26;207.13999938964844
GOOGL;Alphabet Inc.;USD;NasdaqGS;2025-08-27;207.47999572753906
GOOGL;Alphabet Inc.;USD;NasdaqGS;2025-08-28;211.63999938964844
GOOGL;Alphabet Inc.;USD;NasdaqGS;2025-08-29;212.91000366210938
GOOGL;Alphabet Inc.;USD;NasdaqGS;2025-09-02;211.35000610351562
GOOGL;Alphabet Inc.;USD;NasdaqGS;2025-09-03;230.66000366210938
GOOGL;Alphabet Inc.;USD;NasdaqGS;2025-09-04;232.3000030517578
GOOGL;Alphabet Inc.;USD;NasdaqGS;2025-09-05;235.0
GOOGL;Alphabet Inc.;USD;NasdaqGS;2025-09-08;233.89500427246094
TSLA;Tesla, Inc.;USD;NasdaqGS;2025-07-28;325.5899963378906
TSLA;Tesla, Inc.;USD;NasdaqGS;2025-07-29;321.20001220703125
TSLA;Tesla, Inc.;USD;NasdaqGS;2025-07-30;319.0400085449219
TSLA;Tesla, Inc.;USD;NasdaqGS;2025-07-31;308.2699890136719
TSLA;Tesla, Inc.;USD;NasdaqGS;2025-08-01;302.6300048828125
TSLA;Tesla, Inc.;USD;NasdaqGS;2025-08-04;309.260009765625
TSLA;Tesla, Inc.;USD;NasdaqGS;2025-08-05;308.7200012207031
TSLA;Tesla, Inc.;USD;NasdaqGS;2025-08-06;319.9100036621094
TSLA;Tesla, Inc.;USD;NasdaqGS;2025-08-07;322.2699890136719
TSLA;Tesla, Inc.;USD;NasdaqGS;2025-08-08;329.6499938964844
TSLA;Tesla, Inc.;USD;NasdaqGS;2025-08-11;339.0299987792969
TSLA;Tesla, Inc.;USD;NasdaqGS;2025-08-12;340.8399963378906
TSLA;Tesla, Inc.;USD;NasdaqGS;2025-08-13;339.3800048828125
TSLA;Tesla, Inc.;USD;NasdaqGS;2025-08-14;335.5799865722656
TSLA;Tesla, Inc.;USD;NasdaqGS;2025-08-15;330.55999755859375
TSLA;Tesla, Inc.;USD;NasdaqGS;2025-08-18;335.1600036621094
TSLA;Tesla, Inc.;USD;NasdaqGS;2025-08-19;329.30999755859375
TSLA;Tesla, Inc.;USD;NasdaqGS;2025-08-20;323.8999938964844
TSLA;Tesla, Inc.;USD;NasdaqGS;2025-08-21;320.1099853515625
TSLA;Tesla, Inc.;USD;NasdaqGS;2025-08-22;340.010009765625
TSLA;Tesla, Inc.;USD;NasdaqGS;2025-08-25;346.6000061035156
TSLA;Tesla, Inc.;USD;NasdaqGS;2025-08-26;351.6700134277344
TSLA;Tesla, Inc.;USD;NasdaqGS;2025-08-27;349.6000061035156
TSLA;Tesla, Inc.;USD;NasdaqGS;2025-08-28;345.9800109863281
TSLA;Tesla, Inc.;USD;NasdaqGS;2025-08-29;333.8699951171875
TSLA;Tesla, Inc.;USD;NasdaqGS;2025-09-02;329.3599853515625
TSLA;Tesla, Inc.;USD;NasdaqGS;2025-09-03;334.0899963378906
TSLA;Tesla, Inc.;USD;NasdaqGS;2025-09-04;338.5299987792969
TSLA;Tesla, Inc.;USD;NasdaqGS;2025-09-05;350.8399963378906
TSLA;Tesla, Inc.;USD;NasdaqGS;2025-09-08;345.8765869140625
META;Meta Platforms, Inc.;USD;NasdaqGS;2025-07-28;717.6300048828125
META;Meta Platforms, Inc.;USD;NasdaqGS;2025-07-29;700.0
META;Meta Platforms, Inc.;USD;NasdaqGS;2025-07-30;695.2100219726562
META;Meta Platforms, Inc.;USD;NasdaqGS;2025-07-31;773.4400024414062
META;Meta Platforms, Inc.;USD;NasdaqGS;2025-08-01;750.010009765625
META;Meta Platforms, Inc.;USD;NasdaqGS;2025-08-04;776.3699951171875
META;Meta Platforms, Inc.;USD;NasdaqGS;2025-08-05;763.4600219726562
META;Meta Platforms, Inc.;USD;NasdaqGS;2025-08-06;771.989990234375
META;Meta Platforms, Inc.;USD;NasdaqGS;2025-08-07;761.8300170898438
META;Meta Platforms, Inc.;USD;NasdaqGS;2025-08-08;769.2999877929688
META;Meta Platforms, Inc.;USD;NasdaqGS;2025-08-11;765.8699951171875
META;Meta Platforms, Inc.;USD;NasdaqGS;2025-08-12;790.0
META;Meta Platforms, Inc.;USD;NasdaqGS;2025-08-13;780.0800170898438
META;Meta Platforms, Inc.;USD;NasdaqGS;2025-08-14;782.1300048828125
META;Meta Platforms, Inc.;USD;NasdaqGS;2025-08-15;785.22998046875
META;Meta Platforms, Inc.;USD;NasdaqGS;2025-08-18;767.3699951171875
META;Meta Platforms, Inc.;USD;NasdaqGS;2025-08-19;751.47998046875
META;Meta Platforms, Inc.;USD;NasdaqGS;2025-08-20;747.719970703125
META;Meta Platforms, Inc.;USD;NasdaqGS;2025-08-21;739.0999755859375
META;Meta Platforms, Inc.;USD;NasdaqGS;2025-08-22;754.7899780273438
META;Meta Platforms, Inc.;USD;NasdaqGS;2025-08-25;753.2999877929688
META;Meta Platforms, Inc.;USD;NasdaqGS;2025-08-26;754.0999755859375
META;Meta Platforms, Inc.;USD;NasdaqGS;2025-08-27;747.3800048828125
META;Meta Platforms, Inc.;USD;NasdaqGS;2025-08-28;751.1099853515625
META;Meta Platforms, Inc.;USD;NasdaqGS;2025-08-29;738.7000122070312
META;Meta Platforms, Inc.;USD;NasdaqGS;2025-09-02;735.1099853515625
META;Meta Platforms, Inc.;USD;NasdaqGS;2025-09-03;737.0499877929688
META;Meta Platforms, Inc.;USD;NasdaqGS;2025-09-04;748.6500244140625
META;Meta Platforms, Inc.;USD;NasdaqGS;2025-09-05;752.4500122070312
META;Meta Platforms, Inc.;USD;NasdaqGS;2025-09-08;758.489990234375
NVDA;NVIDIA Corporation;USD;NasdaqGS;2025-07-28;176.75
NVDA;NVIDIA Corporation;USD;NasdaqGS;2025-07-29;175.50999450683594
NVDA;NVIDIA Corporation;USD;NasdaqGS;2025-07-30;179.27000427246094
NVDA;NVIDIA Corporation;USD;NasdaqGS;2025-07-31;177.8699951171875
NVDA;NVIDIA Corporation;USD;NasdaqGS;2025-08-01;173.72000122070312
NVDA;NVIDIA Corporation;USD;NasdaqGS;2025-08-04;180.0
NVDA;NVIDIA Corporation;USD;NasdaqGS;2025-08-05;178.25999450683594
NVDA;NVIDIA Corporation;USD;NasdaqGS;2025-08-06;179.4199981689453
NVDA;NVIDIA Corporation;USD;NasdaqGS;2025-08-07;180.77000427246094
NVDA;NVIDIA Corporation;USD;NasdaqGS;2025-08-08;182.6999969482422
NVDA;NVIDIA Corporation;USD;NasdaqGS;2025-08-11;182.05999755859375
NVDA;NVIDIA Corporation;USD;NasdaqGS;2025-08-12;183.16000366210938
NVDA;NVIDIA Corporation;USD;NasdaqGS;2025-08-13;181.58999633789062
NVDA;NVIDIA Corporation;USD;NasdaqGS;2025-08-14;182.02000427246094
NVDA;NVIDIA Corporation;USD;NasdaqGS;2025-08-15;180.4499969482422
NVDA;NVIDIA Corporation;USD;NasdaqGS;2025-08-18;182.00999450683594
NVDA;NVIDIA Corporation;USD;NasdaqGS;2025-08-19;175.63999938964844
NVDA;NVIDIA Corporation;USD;NasdaqGS;2025-08-20;175.39999389648438
NVDA;NVIDIA Corporation;USD;NasdaqGS;2025-08-21;174.97999572753906
NVDA;NVIDIA Corporation;USD;NasdaqGS;2025-08-22;177.99000549316406
NVDA;NVIDIA Corporation;USD;NasdaqGS;2025-08-25;179.80999755859375
NVDA;NVIDIA Corporation;USD;NasdaqGS;2025-08-26;181.77000427246094
NVDA;NVIDIA Corporation;USD;NasdaqGS;2025-08-27;181.60000610351562
NVDA;NVIDIA Corporation;USD;NasdaqGS;2025-08-28;180.1699981689453
NVDA;NVIDIA Corporation;USD;NasdaqGS;2025-08-29;174.17999267578125
NVDA;NVIDIA Corporation;USD;NasdaqGS;2025-09-02;170.77999877929688
NVDA;NVIDIA Corporation;USD;NasdaqGS;2025-09-03;170.6199951171875
NVDA;NVIDIA Corporation;USD;NasdaqGS;2025-09-04;171.66000366210938
NVDA;NVIDIA Corporation;USD;NasdaqGS;2025-09-05;167.02000427246094
NVDA;NVIDIA Corporation;USD;NasdaqGS;2025-09-08;169.12449645996094
JPM;JPMorgan Chase & Co.;USD;NYSE;2025-07-28;298.2799987792969
JPM;JPMorgan Chase & Co.;USD;NYSE;2025-07-29;297.0400085449219
JPM;JPMorgan Chase & Co.;USD;NYSE;2025-07-30;299.6300048828125
JPM;JPMorgan Chase & Co.;USD;NYSE;2025-07-31;296.239990234375
JPM;JPMorgan Chase & Co.;USD;NYSE;2025-08-01;289.3699951171875
JPM;JPMorgan Chase & Co.;USD;NYSE;2025-08-04;294.260009765625
JPM;JPMorgan Chase & Co.;USD;NYSE;2025-08-05;291.3699951171875
JPM;JPMorgan Chase & Co.;USD;NYSE;2025-08-06;291.3500061035156
JPM;JPMorgan Chase & Co.;USD;NYSE;2025-08-07;286.94000244140625
JPM;JPMorgan Chase & Co.;USD;NYSE;2025-08-08;288.760009765625
JPM;JPMorgan Chase & Co.;USD;NYSE;2025-08-11;289.55999755859375
JPM;JPMorgan Chase & Co.;USD;NYSE;2025-08-12;292.8500061035156
JPM;JPMorgan Chase & Co.;USD;NYSE;2025-08-13;290.5299987792969
JPM;JPMorgan Chase & Co.;USD;NYSE;2025-08-14;294.1600036621094
JPM;JPMorgan Chase & Co.;USD;NYSE;2025-08-15;290.489990234375
JPM;JPMorgan Chase & Co.;USD;NYSE;2025-08-18;291.5299987792969
JPM;JPMorgan Chase & Co.;USD;NYSE;2025-08-19;290.6600036621094
JPM;JPMorgan Chase & Co.;USD;NYSE;2025-08-20;292.239990234375
JPM;JPMorgan Chase & Co.;USD;NYSE;2025-08-21;291.4700012207031
JPM;JPMorgan Chase & Co.;USD;NYSE;2025-08-22;296.239990234375
JPM;JPMorgan Chase & Co.;USD;NYSE;2025-08-25;294.8999938964844
JPM;JPMorgan Chase & Co.;USD;NYSE;2025-08-26;298.57000732421875
JPM;JPMorgan Chase & Co.;USD;NYSE;2025-08-27;299.2799987792969
JPM;JPMorgan Chase & Co.;USD;NYSE;2025-08-28;301.07000732421875
JPM;JPMorgan Chase & Co.;USD;NYSE;2025-08-29;301.4200134277344
JPM;JPMorgan Chase & Co.;USD;NYSE;2025-09-02;299.70001220703125
JPM;JPMorgan Chase & Co.;USD;NYSE;2025-09-03;299.510009765625
JPM;JPMorgan Chase & Co.;USD;NYSE;2025-09-04;303.82000732421875
JPM;JPMorgan Chase & Co.;USD;NYSE;2025-09-05;294.3800048828125
JPM;JPMorgan Chase & Co.;USD;NYSE;2025-09-08;293.0
V;Visa Inc.;USD;NYSE;2025-07-28;355.4700012207031
V;Visa Inc.;USD;NYSE;2025-07-29;351.2900085449219
V;Visa Inc.;USD;NYSE;2025-07-30;350.9100036621094
V;Visa Inc.;USD;NYSE;2025-07-31;345.4700012207031
V;Visa Inc.;USD;NYSE;2025-08-01;339.3500061035156
V;Visa Inc.;USD;NYSE;2025-08-04;342.1499938964844
V;Visa Inc.;USD;NYSE;2025-08-05;337.42999267578125
V;Visa Inc.;USD;NYSE;2025-08-06;339.739990234375
V;Visa Inc.;USD;NYSE;2025-08-07;332.0899963378906
V;Visa Inc.;USD;NYSE;2025-08-08;336.7799987792969
V;Visa Inc.;USD;NYSE;2025-08-11;335.8999938964844
V;Visa Inc.;USD;NYSE;2025-08-12;336.739990234375
V;Visa Inc.;USD;NYSE;2025-08-13;342.54998779296875
V;Visa Inc.;USD;NYSE;2025-08-14;345.489990234375
V;Visa Inc.;USD;NYSE;2025-08-15;344.4700012207031
V;Visa Inc.;USD;NYSE;2025-08-18;342.739990234375
V;Visa Inc.;USD;NYSE;2025-08-19;342.45001220703125
V;Visa Inc.;USD;NYSE;2025-08-20;343.92999267578125
V;Visa Inc.;USD;NYSE;2025-08-21;343.69000244140625
V;Visa Inc.;USD;NYSE;2025-08-22;350.0400085449219
V;Visa Inc.;USD;NYSE;2025-08-25;348.82000732421875
V;Visa Inc.;USD;NYSE;2025-08-26;351.17999267578125
V;Visa Inc.;USD;NYSE;2025-08-27;350.3500061035156
V;Visa Inc.;USD;NYSE;2025-08-28;349.8599853515625
V;Visa Inc.;USD;NYSE;2025-08-29;351.7799987792969
V;Visa Inc.;USD;NYSE;2025-09-02;350.07000732421875
V;Visa Inc.;USD;NYSE;2025-09-03;350.8699951171875
V;Visa Inc.;USD;NYSE;2025-09-04;350.989990234375
V;Visa Inc.;USD;NYSE;2025-09-05;343.2200012207031
V;Visa Inc.;USD;NYSE;2025-09-08;342.3299865722656
MA;Mastercard Incorporated;USD;NYSE;2025-07-28;568.280029296875
MA;Mastercard Incorporated;USD;NYSE;2025-07-29;563.3200073242188
MA;Mastercard Incorporated;USD;NYSE;2025-07-30;559.1099853515625
MA;Mastercard Incorporated;USD;NYSE;2025-07-31;566.469970703125
MA;Mastercard Incorporated;USD;NYSE;2025-08-01;559.8900146484375
MA;Mastercard Incorporated;USD;NYSE;2025-08-04;569.8099975585938
MA;Mastercard Incorporated;USD;NYSE;2025-08-05;566.0399780273438
MA;Mastercard Incorporated;USD;NYSE;2025-08-06;569.1300048828125
MA;Mastercard Incorporated;USD;NYSE;2025-08-07;561.219970703125
MA;Mastercard Incorporated;USD;NYSE;2025-08-08;574.3200073242188
MA;Mastercard Incorporated;USD;NYSE;2025-08-11;573.5900268554688
MA;Mastercard Incorporated;USD;NYSE;2025-08-12;574.1799926757812
MA;Mastercard Incorporated;USD;NYSE;2025-08-13;577.9000244140625
MA;Mastercard Incorporated;USD;NYSE;2025-08-14;583.760009765625
MA;Mastercard Incorporated;USD;NYSE;2025-08-15;581.7000122070312
MA;Mastercard Incorporated;USD;NYSE;2025-08-18;584.1400146484375
MA;Mastercard Incorporated;USD;NYSE;2025-08-19;585.510009765625
MA;Mastercard Incorporated;USD;NYSE;2025-08-20;592.6799926757812
MA;Mastercard Incorporated;USD;NYSE;2025-08-21;591.9199829101562
MA;Mastercard Incorporated;USD;NYSE;2025-08-22;598.9600219726562
MA;Mastercard Incorporated;USD;NYSE;2025-08-25;593.2100219726562
MA;Mastercard Incorporated;USD;NYSE;2025-08-26;591.6099853515625
MA;Mastercard Incorporated;USD;NYSE;2025-08-27;590.6599731445312
MA;Mastercard Incorporated;USD;NYSE;2025-08-28;590.47998046875
MA;Mastercard Incorporated;USD;NYSE;2025-08-29;595.2899780273438
MA;Mastercard Incorporated;USD;NYSE;2025-09-02;591.8699951171875
MA;Mastercard Incorporated;USD;NYSE;2025-09-03;593.280029296875
MA;Mastercard Incorporated;USD;NYSE;2025-09-04;595.6400146484375
MA;Mastercard Incorporated;USD;NYSE;2025-09-05;584.219970703125
MA;Mastercard Incorporated;USD;NYSE;2025-09-08;585.989990234375
